Visual	Somatomotor	Dorsal Attention	Ventral Attention	Limbic	Frontoparietal	Default Mode	cluster
0.004289422	0.042569164	0.06667971	0.03231822	0.14759977	0.02679202	0.023173327	1
-0.33133733	-0.7493385	-0.582821	-1.3095342	-1.3598646	-1.103186	-0.77265066	2
-0.54588073	-1.268552	-0.9628751	-2.180216	-2.3864233	-1.806143	-1.2894547	0
-0.57833844	-1.3965988	-0.9599748	-2.3653283	-2.705652	-1.8859314	-1.4001615	0
-0.44773945	-1.2150066	-0.6652132	-1.9925032	-2.4281383	-1.4541444	-1.1769314	0
-0.22595191	-0.9190319	-0.2891912	-1.4038318	-1.8699139	-0.81819177	-0.81364	2
0.008533039	-0.67637604	-0.01622644	-0.92566115	-1.327651	-0.28066626	-0.4964923	2
0.20109059	-0.5377944	0.0963084	-0.6988994	-0.9304246	0.008386794	-0.3197965	2
0.3237976	-0.4500178	0.11587448	-0.6617952	-0.6498407	0.0724134	-0.28699103	2
0.3653135	-0.33539137	0.15323761	-0.6565315	-0.41219813	0.031019466	-0.35977775	2
0.32795453	-0.16195332	0.27308783	-0.5590796	-0.19044484	0.0046129734	-0.4924129	1
0.2350386	0.04350526	0.4564573	-0.34745845	-0.0055633094	0.05955048	-0.6286162	1
0.13318038	0.22885184	0.6261667	-0.089531936	0.12946533	0.20010872	-0.69278216	1
0.07572112	0.3551591	0.7046995	0.1156001	0.24037714	0.38440996	-0.61393833	1
0.093970515	0.41288388	0.66333985	0.19861877	0.35892832	0.54776365	-0.3759311	1
0.17993754	0.4182742	0.5373727	0.15652558	0.4698255	0.6312981	-0.045231193	1
0.29752243	0.40429476	0.40548015	0.05441517	0.5081879	0.61135453	0.26093602	1
0.41316715	0.4097216	0.3475298	-0.008218472	0.42428762	0.5131622	0.44820133	1
0.5174355	0.46056944	0.4007689	0.045415796	0.254844	0.39452916	0.5007706	1
0.61666864	0.54707706	0.5340812	0.21813314	0.12216585	0.30699745	0.4741143	1
0.70299894	0.615995	0.6556008	0.4282037	0.1457435	0.26228392	0.43520847	1
0.73451793	0.59611535	0.65699804	0.55401206	0.33595526	0.22911362	0.4043861	1
0.65200686	0.44760805	0.47637716	0.5101564	0.56492937	0.16135754	0.34645376	1
0.4260733	0.19742273	0.1420864	0.30379772	0.64900684	0.034437872	0.21289249	1
0.095925726	-0.07360485	-0.23740949	0.029337127	0.4827746	-0.13715507	-0.0055479254	1
-0.23984084	-0.28722826	-0.53844136	-0.19648395	0.11872232	-0.31157628	-0.26105106	2
-0.4817992	-0.42194548	-0.698686	-0.31050473	-0.27072346	-0.44825327	-0.47752804	2
-0.5923409	-0.51661456	-0.7474205	-0.3317642	-0.51659745	-0.5301488	-0.5976635	2
-0.6084415	-0.61884737	-0.7656718	-0.32348672	-0.5625333	-0.5645205	-0.6082457	2
-0.59391934	-0.7248291	-0.8100239	-0.32584238	-0.4769804	-0.5665114	-0.5292491	2
-0.57682604	-0.76747286	-0.86379445	-0.32057667	-0.3705326	-0.5434284	-0.3875814	2
-0.5307769	-0.66748935	-0.8544374	-0.25665864	-0.2979844	-0.49324134	-0.20554511	2
-0.4153061	-0.4049595	-0.71934044	-0.10839221	-0.23000821	-0.41377252	-0.009666435	2
-0.23292056	-0.048511133	-0.46301848	0.09221291	-0.11171419	-0.3070576	0.16271877	1
-0.04472815	0.2868157	-0.15797393	0.2821042	0.055064287	-0.16974328	0.28055653	1
0.074098915	0.5216399	0.11053419	0.42959028	0.1918937	0.019643636	0.35079494	1
0.100752436	0.6657024	0.30784956	0.5710601	0.2144169	0.2928411	0.42937744	1
0.09169889	0.7930014	0.46498984	0.77712786	0.13066901	0.6528547	0.58561087	1
0.14031509	0.95386165	0.62980586	1.0664927	0.066169225	1.0284905	0.8362317	1
0.29557794	1.0990964	0.79687464	1.3431292	0.17543115	1.2714703	1.102811	3
0.50804347	1.0900295	0.88198435	1.4258122	0.5074042	1.2230769	1.2383964	3
0.64778876	0.7979088	0.77041864	1.1632252	0.9407693	0.8158734	1.1144596	3
0.5802462	0.21692634	0.40440735	0.5498744	1.2440505	0.13469027	0.70512575	1
0.24614303	-0.49877557	-0.1563287	-0.2451402	1.2102436	-0.61020213	0.107526734	1
-0.2975304	-1.1008334	-0.7421825	-0.9517731	0.7707747	-1.1729077	-0.50562674	2
-0.8839459	-1.3660524	-1.1415786	-1.3186932	0.034126222	-1.3625485	-0.95451885	2
-1.2834849	-1.1971678	-1.1918274	-1.2137353	-0.7470788	-1.1002451	-1.1019946	0
-1.2888658	-0.66251117	-0.85437363	-0.6750079	-1.260801	-0.4481843	-0.8870126	2
-0.8233064	0.030739833	-0.2445364	0.094137505	-1.2604375	0.38692763	-0.35805798	2
-0.019391598	0.61682725	0.40372294	0.7924896	-0.6980861	1.1018809	0.3096376	1
0.8009657	0.880011	0.8345652	1.143206	0.20944472	1.4129255	0.8561778	3
1.2686877	0.7476547	0.8887246	1.0222523	1.057658	1.1966864	1.0505296	3
1.1648794	0.31716764	0.5793489	0.51677024	1.4647902	0.5650045	0.8175736	1
0.54769075	-0.20440271	0.07711726	-0.13138482	1.2914592	-0.19092852	0.28585988	1
-0.28378627	-0.6141637	-0.3890549	-0.6642084	0.71251464	-0.7614909	-0.28978288	2
-0.9701673	-0.8090496	-0.65379137	-0.93697655	0.081810616	-0.98000896	-0.6819531	2
-1.2927806	-0.8053335	-0.68246454	-0.95772105	-0.3121913	-0.8788411	-0.81148916	2
-1.2561982	-0.67978907	-0.5460364	-0.8246713	-0.41573966	-0.61245817	-0.7522063	2
-1.007539	-0.48726946	-0.3339642	-0.6225074	-0.3803193	-0.31816375	-0.6278223	2
-0.678483	-0.22515057	-0.08209268	-0.3634776	-0.37468478	-0.02933272	-0.49347147	2
-0.29337582	0.12582022	0.22368643	-0.018881997	-0.41232535	0.29238415	-0.3036141	1
0.18249388	0.5248947	0.5780593	0.39280945	-0.35237524	0.6472098	0.007866546	1
0.7166295	0.8399718	0.8959364	0.75069976	-0.0718067	0.9257254	0.4112801	1
1.1442274	0.91021866	1.0321391	0.8774115	0.35647666	0.95931447	0.7436671	3
1.2477345	0.6674095	0.87982804	0.6663937	0.65790135	0.6610582	0.80236745	3
0.9288257	0.21966906	0.47147208	0.1915476	0.5485871	0.13533132	0.5069857	1
0.33047822	-0.17955062	-0.0036519133	-0.29707488	-0.025820723	-0.34658197	0.00029831412	1
-0.20081684	-0.2705468	-0.29027215	-0.50440854	-0.80100185	-0.5003161	-0.4029653	2
-0.30315915	0.05168614	-0.21251708	-0.26795876	-1.3328758	-0.20810395	-0.3998504	2
0.17948094	0.6587294	0.21770513	0.33230656	-1.2707795	0.39607558	0.101322405	1
1.0830966	1.2470125	0.79830724	1.0043784	-0.5789272	0.9922526	0.8992883	3
1.9913673	1.5052375	1.2450753	1.402685	0.4367431	1.2538835	1.5979146	3
2.4516194	1.2933981	1.3463249	1.3231047	1.3055867	1.034634	1.8308046	3
2.215963	0.7211334	1.0695659	0.8153532	1.6545864	0.44834992	1.4729804	3
1.3659422	0.07167365	0.55623215	0.14089185	1.395683	-0.20937875	0.7033327	1
0.24741298	-0.3802712	0.015746	-0.3963524	0.7375744	-0.6485467	-0.12089728	1
-0.73879945	-0.5328788	-0.40264153	-0.633366	0.03326991	-0.7569789	-0.68864155	2
-1.3511295	-0.4903555	-0.6711925	-0.62177306	-0.43188423	-0.6409441	-0.9032452	2
-1.5864643	-0.44579455	-0.8428201	-0.54458404	-0.5791363	-0.5091509	-0.8841267	2
-1.586507	-0.50834715	-0.9534738	-0.5445566	-0.52095973	-0.49264148	-0.8177287	2
-1.4683603	-0.6163095	-0.96158284	-0.6055329	-0.41892174	-0.54836065	-0.788699	2
-1.233577	-0.61170834	-0.78890955	-0.59068805	-0.3407731	-0.5299013	-0.7338947	2
-0.83134335	-0.4135386	-0.43223086	-0.40625677	-0.24314122	-0.36163586	-0.5520485	2
-0.30053696	-0.13045175	-0.034641806	-0.1357157	-0.08751323	-0.1482745	-0.25798526	2
0.16698672	0.0052030613	0.17624229	-0.0007235901	0.041037854	-0.099593334	-0.022599647	1
0.33041734	-0.15586796	0.05942975	-0.15935281	-0.04083612	-0.32112548	-0.04107463	1
0.100686245	-0.5063726	-0.29521203	-0.5138303	-0.43678105	-0.65938723	-0.33527926	2
-0.33524022	-0.70684445	-0.5853674	-0.7145142	-0.9966618	-0.75991017	-0.67096543	2
-0.5928354	-0.41883942	-0.49096543	-0.39240086	-1.3299289	-0.3198624	-0.68512213	2
-0.34133282	0.41513166	0.08472287	0.5401004	-1.042898	0.65078896	-0.14733997	1
0.4416668	1.4593697	0.905147	1.7504857	-0.042920172	1.7643518	0.8342574	3
1.398748	2.1444116	1.5131631	2.6318772	1.3209623	2.4511518	1.8198359	3
1.9730871	2.0089931	1.5023037	2.6525357	2.4050374	2.2935455	2.2683005	3
1.7390382	0.9998374	0.77108705	1.6817405	2.6283436	1.2801558	1.8510853	3
0.67470115	-0.47387764	-0.4039607	0.079785466	1.8163254	-0.17992213	0.6547128	1
-0.8008451	-1.7691784	-1.5190222	-1.4990232	0.3145936	-1.4824138	-0.85089904	0
-2.0531132	-2.3692703	-2.1172564	-2.4559488	-1.1947546	-2.1452281	-2.0567493	0
-2.5794318	-2.1448941	-2.0190794	-2.5345476	-2.0586507	-2.0305264	-2.5255349	0
-2.263285	-1.3687187	-1.3824781	-1.8928217	-1.9832166	-1.3608077	-2.19227	0
-1.3899823	-0.5049959	-0.57757825	-0.9544905	-1.1454464	-0.5484791	-1.35307	2
-0.43616638	0.06868745	0.034343276	-0.15686005	-0.042622086	0.040875297	-0.4679928	1
0.21608299	0.23435038	0.28319266	0.25287363	0.8095106	0.25262085	0.09459528	1
0.45917812	0.121201955	0.23540899	0.2771423	1.1418408	0.15889849	0.22475952	1
0.4407352	-0.04560837	0.09485644	0.08533032	1.0136565	-0.05129001	0.067854024	1
0.39180595	-0.11258876	0.040956713	-0.13104944	0.69064116	-0.21530916	-0.12109233	1
0.44295716	-0.07376287	0.11585651	-0.26773798	0.42700166	-0.27980047	-0.15590973	1
0.5549972	-0.02728897	0.22637975	-0.32713667	0.30844185	-0.28765363	-0.015942901	1
0.59156466	-0.067438	0.24223612	-0.35966322	0.25267324	-0.30170783	0.18542446	1
0.4564031	-0.19699822	0.11023309	-0.38479835	0.14111339	-0.33092272	0.317217	1
0.18214588	-0.31790107	-0.098316334	-0.35423633	-0.04017662	-0.3126032	0.33843407	1
-0.09467647	-0.30202666	-0.2383992	-0.18715526	-0.17214882	-0.16316722	0.31831157	1
-0.24623924	-0.092035145	-0.20083977	0.14625128	-0.11423774	0.13932785	0.3594346	1
-0.25756055	0.24174471	0.0037511715	0.5629243	0.13780105	0.5089129	0.4910025	1
-0.23096764	0.5385829	0.25437623	0.8934315	0.39368355	0.79170585	0.62769216	1
-0.28278834	0.6604626	0.41665074	0.9946829	0.3854859	0.8724747	0.6375299	1
-0.42192677	0.59504724	0.4467202	0.86158895	-0.016205782	0.7606727	0.46463856	1
-0.5231035	0.45993385	0.41286048	0.63422674	-0.6667216	0.57547945	0.19577901	1
-0.42591292	0.3992023	0.4178828	0.48216975	-1.2220429	0.4382877	0.0032332619	1
-0.07534692	0.46084163	0.49663743	0.46347257	-1.3780906	0.37216413	0.007960429	1
0.42057955	0.5660467	0.58714294	0.4888786	-1.083104	0.30711877	0.18344656	1
0.8663755	0.6001553	0.60431826	0.43038875	-0.5527664	0.1893704	0.38748723	1
1.120379	0.5416507	0.5446832	0.27677163	-0.08743654	0.085799634	0.494241	1
1.1817558	0.50648993	0.5154299	0.18603705	0.14760125	0.16828062	0.50825304	1
1.1590338	0.6588444	0.64947295	0.37089857	0.20558405	0.5702315	0.55882955	1
1.162985	1.0598174	0.9776023	0.9035599	0.2647096	1.2326978	0.7798101	3
1.2249085	1.5840987	1.3753393	1.6062233	0.46422657	1.8824929	1.1790545	3
1.3026136	1.9796396	1.6391923	2.1310425	0.8128179	2.182111	1.6083393	3
1.3455157	2.0265427	1.6312307	2.1792889	1.2217531	1.9465046	1.8570075	3
1.338361	1.6712731	1.3689008	1.6936326	1.5954597	1.2605234	1.7899209	3
1.2787066	1.0377817	0.9867123	0.87837607	1.8765658	0.40854415	1.4199333	3
1.1254829	0.32262567	0.61210775	0.04344007	2.0160384	-0.32033598	0.86954355	1
0.7950539	-0.3283148	0.27080485	-0.59381604	1.9342165	-0.79499644	0.2725134	1
0.23130229	-0.86689425	-0.10061743	-0.9995213	1.5474286	-1.0616649	-0.2953449	2
-0.51150334	-1.3026191	-0.56302756	-1.2674977	0.8493605	-1.2410035	-0.81364304	2
-1.2617842	-1.6397208	-1.0978975	-1.4976007	-0.0405452	-1.4128166	-1.2730666	0
-1.8191131	-1.8529378	-1.6065248	-1.7125309	-0.92369	-1.5720541	-1.6426028	0
-2.0632288	-1.904889	-1.9653269	-1.8518598	-1.6257784	-1.653171	-1.8688068	0
-1.9916524	-1.7691141	-2.078528	-1.8165647	-2.0612028	-1.5741012	-1.8924314	0
-1.6704146	-1.4382563	-1.8992541	-1.5263444	-2.212026	-1.2727883	-1.6680554	0
-1.166403	-0.9289975	-1.4342214	-0.9696896	-2.0704527	-0.7406248	-1.1879729	0
-0.53383136	-0.29687774	-0.75204587	-0.2315237	-1.6247939	-0.050999373	-0.5081882	2
0.14324547	0.35096958	0.011534054	0.5202022	-0.90769124	0.64070874	0.24262342	1
0.7148359	0.8691049	0.6728418	1.0911843	-0.048450027	1.1421185	0.8890724	3
0.99346316	1.1181985	1.0497929	1.3317554	0.73755753	1.2960492	1.2626749	3
0.8451424	1.0197384	1.024838	1.1843728	1.230909	1.0431807	1.2569004	3
0.28467578	0.59499246	0.5974091	0.6964169	1.3109735	0.4527148	0.8647455	1
-0.49267328	-0.026352815	-0.09439385	0.013231972	1.0181776	-0.2831348	0.19437557	1
-1.1764009	-0.6356745	-0.80254394	-0.6442853	0.5421686	-0.8981373	-0.545692	2
-1.4825115	-1.0183598	-1.260231	-1.0399247	0.13663985	-1.153499	-1.1098753	2
-1.3030728	-1.0552702	-1.3120347	-1.029916	-0.008460228	-0.9658348	-1.3240584	2
-0.7753124	-0.7997196	-1.0108404	-0.66677886	0.12288326	-0.4833304	-1.185358	2
-0.214202	-0.46344894	-0.60065705	-0.20579055	0.35287023	-0.029572451	-0.873977	2
0.06607196	-0.29438823	-0.37084237	0.031892695	0.41492808	0.08347619	-0.6459339	1
-0.06506847	-0.41561183	-0.4683799	-0.13123924	0.13167788	-0.23829286	-0.66885364	2
-0.4871875	-0.7398705	-0.80075485	-0.59686595	-0.455393	-0.79417956	-0.91631967	2
-0.9190151	-1.0261062	-1.1019124	-1.0435785	-1.1036215	-1.2076612	-1.1953826	0
-1.0976669	-1.0388684	-1.1127295	-1.136137	-1.5241328	-1.1671666	-1.2817365	0
-0.92324525	-0.69750756	-0.74547607	-0.74576676	-1.5589647	-0.62515193	-1.0631568	2
-0.48354286	-0.11600767	-0.121332355	-0.028969008	-1.2548615	0.17943288	-0.59639937	2
0.035617996	0.48308846	0.5317522	0.68474853	-0.79574347	0.8863072	-0.05025488	1
0.47767282	0.9116001	1.0343853	1.1106128	-0.3617625	1.2457875	0.41551095	1
0.79352087	1.114779	1.3476363	1.1747131	-0.024248615	1.2510059	0.74704826	3
1.02876	1.1645209	1.5420978	1.0157449	0.25707173	1.083088	1.0020285	3
1.2429984	1.1647927	1.6849049	0.838083	0.551436	0.9297472	1.264875	3
1.4295366	1.1513492	1.7498962	0.7440492	0.8653007	0.8341122	1.5422148	3
1.5008011	1.067099	1.6313323	0.6778752	1.1148094	0.69300944	1.7270974	3
1.3537766	0.82944673	1.2490213	0.51149786	1.1797295	0.38909647	1.6678197	3
0.9661064	0.43021384	0.6532321	0.18601245	0.9942196	-0.067711346	1.2927979	1
0.44729695	-0.01588522	0.038384046	-0.21073732	0.60813206	-0.50833166	0.69558114	1
0.0020891475	-0.31605032	-0.35133806	-0.48628512	0.17965534	-0.7029282	0.11204619	2
-0.17323618	-0.30944407	-0.36019078	-0.467175	-0.093260236	-0.5129293	-0.20014012	2
0.002575107	0.029366491	-0.012294512	-0.115411684	-0.06447797	0.008348186	-0.10407413	1
0.44579303	0.55840015	0.49698463	0.435213	0.28653973	0.6292622	0.33663434	1
0.9361947	1.0280275	0.89911854	0.9407177	0.8266859	1.0585598	0.88297516	3
1.2089223	1.2020102	0.98319525	1.169765	1.3030444	1.1015143	1.235004	3
1.0744704	0.9781146	0.69401956	1.0227091	1.4425857	0.76630396	1.180084	3
0.52102137	0.44634646	0.15421028	0.5857523	1.0941985	0.2599325	0.70612144	1
-0.25229764	-0.14870478	-0.39761868	0.089717865	0.34710234	-0.1275741	0.021792555	1
-0.9083592	-0.52933127	-0.7250563	-0.21100126	-0.46342254	-0.18907897	-0.53930855	2
-1.1383144	-0.53302824	-0.7144326	-0.17968099	-0.911068	0.07723658	-0.69657546	2
-0.84021527	-0.20793091	-0.43627563	0.12004331	-0.7347567	0.46232602	-0.39106125	2
-0.19574547	0.20674065	-0.107931085	0.45481038	-0.03292757	0.6655924	0.161878	1
0.4227756	0.41664517	0.032076493	0.55654263	0.76349556	0.4717782	0.5864949	1
0.6713972	0.24903868	-0.13070926	0.2828559	1.1527206	-0.12104856	0.57012093	1
0.4377061	-0.24508978	-0.5160928	-0.30120206	0.88401526	-0.90207803	0.053935926	1
-0.11300016	-0.8359714	-0.9071314	-0.9730496	0.10366494	-1.5730294	-0.73921466	2
-0.67638975	-1.2710325	-1.0981551	-1.4892203	-0.7774696	-1.9084375	-1.4557076	0
-1.0194952	-1.41905	-1.0220308	-1.7018611	-1.3766925	-1.8422982	-1.8252784	0
-1.100508	-1.2985226	-0.7631877	-1.5818355	-1.558709	-1.4412133	-1.7848659	0
-1.0226517	-0.99717176	-0.46138954	-1.1703008	-1.4319205	-0.82001364	-1.445051	2
-0.8913747	-0.5834152	-0.20084533	-0.53787357	-1.172563	-0.08815424	-0.96260154	2
-0.71566963	-0.096041724	0.022065755	0.20570427	-0.86216474	0.64155304	-0.4417017	2
-0.43475392	0.40085858	0.2427118	0.88887876	-0.4800568	1.2290595	0.068035364	1
-0.02603105	0.7849972	0.45476624	1.3101109	-0.025416015	1.5315896	0.5127077	1
0.42187363	0.92680156	0.5959491	1.3375009	0.38254356	1.4813958	0.8034137	3
0.7471727	0.7930849	0.6049783	1.0095047	0.5477217	1.1534251	0.8628616	3
0.83401513	0.50862944	0.49313933	0.54738426	0.35914946	0.7521861	0.7118154	1
0.7079103	0.3063625	0.36088502	0.24808902	-0.07221471	0.50736207	0.50668764	1
0.5217485	0.38535652	0.33778396	0.31464916	-0.43410712	0.5406703	0.46959868	1
0.43958825	0.7707735	0.48879665	0.7298757	-0.39727578	0.79213804	0.7404161	1
0.51178545	1.2741885	0.7583714	1.2550029	0.16139004	1.0551081	1.2550741	3
0.64099824	1.5871781	0.9947982	1.5566485	1.0547702	1.0962144	1.7498431	3
0.6606644	1.4531904	1.0357891	1.385572	1.8731092	0.7818541	1.9029069	3
0.45711398	0.8122452	0.79398614	0.7024988	2.2036386	0.13616319	1.5216615	3
0.042399023	-0.16587265	0.29167536	-0.31215525	1.8430225	-0.68738747	0.65209365	1
-0.4611929	-1.1682028	-0.35862038	-1.3504559	0.88584495	-1.4786396	-0.4508311	2
-0.8920072	-1.8809816	-0.9958184	-2.103806	-0.3355053	-2.0345814	-1.4535052	0
-1.1174978	-2.10762	-1.4493011	-2.362474	-1.3996494	-2.1994915	-2.0826244	0
-1.0725167	-1.8213857	-1.5794504	-2.0680125	-1.9527435	-1.9024457	-2.2043111	0
-0.7771141	-1.1587743	-1.3314053	-1.3282423	-1.8255848	-1.2027977	-1.8371952	0
-0.3441822	-0.37246966	-0.7848035	-0.39656758	-1.0971651	-0.3107577	-1.1299345	2
0.04126841	0.251537	-0.15058188	0.40232316	-0.08585686	0.46937135	-0.3203603	1
0.1978933	0.5088968	0.3200115	0.8047241	0.76374274	0.8814132	0.3346692	1
0.062493835	0.38575158	0.48108864	0.7474369	1.0924877	0.86986667	0.66141933	1
-0.23542947	0.086458705	0.39188278	0.41879013	0.8401979	0.6242531	0.65868866	1
-0.42479336	-0.074238956	0.27753776	0.15565401	0.30643725	0.45481235	0.500433	1
-0.2712736	0.12382727	0.357277	0.22793782	-0.028396184	0.5699577	0.42091084	1
0.23255326	0.6384294	0.6620982	0.6516393	0.16724992	0.9182026	0.5463202	1
0.81880105	1.1685678	0.9887209	1.167781	0.8262751	1.2189529	0.79502684	3
1.0974265	1.345355	1.0362897	1.4086627	1.5094676	1.1622764	0.9269868	3
0.8148486	0.98105794	0.62831926	1.1379522	1.7019062	0.6307799	0.7126645	3
0.03558611	0.20028512	-0.14373106	0.40428722	1.1659163	-0.2106498	0.10467477	1
-0.8812478	-0.63403565	-0.9570681	-0.48474988	0.09936733	-1.0081745	-0.7046357	2
-1.4920125	-1.1407621	-1.4444515	-1.141656	-0.9972485	-1.4239066	-1.3786631	0
-1.5224365	-1.1363304	-1.4029129	-1.3149152	-1.6305132	-1.3212726	-1.625658	0
-1.0055865	-0.71492445	-0.8935883	-1.0138248	-1.5839255	-0.8248117	-1.36397	2
-0.23234022	-0.16175474	-0.18391323	-0.47801802	-0.9935468	-0.23074853	-0.7626726	2
0.43576387	0.22739784	0.41478485	-0.023518058	-0.22374724	0.16718903	-0.13724911	1
0.7675321	0.3043349	0.7070773	0.13529103	0.34845537	0.23016484	0.23023863	1
0.7625365	0.12168999	0.6834343	-0.012306262	0.51222426	0.023833591	0.2376957	1
0.608301	-0.12820446	0.4812649	-0.29205102	0.28876352	-0.2473456	-0.0021854888	1
0.5361189	-0.23747699	0.2813397	-0.46066856	-0.12232949	-0.37044695	-0.24652882	1
0.6694546	-0.09832095	0.20658457	-0.3509516	-0.4715012	-0.24330534	-0.26956043	1
0.95571405	0.24556129	0.27241063	0.031604595	-0.5936183	0.07849441	0.011425958	1
1.2172611	0.6323569	0.4022589	0.51344144	-0.48121598	0.42738092	0.4985172	1
1.280836	0.8794358	0.48892626	0.85778916	-0.25953546	0.63150823	0.98015594	1
1.093824	0.887592	0.46177033	0.90658766	-0.08256143	0.6144835	1.2581357	1
0.74940646	0.68753153	0.3204386	0.66805184	-0.024343854	0.42164794	1.2551064	1
0.41388345	0.40129742	0.1210924	0.29520154	-0.045192413	0.16418678	1.0397481	1
0.22126774	0.15386167	-0.0642035	-0.019569777	-0.049717143	-0.06198721	0.7652773	1
0.21182214	0.004695964	-0.18052123	-0.15274836	0.02530222	-0.21442294	0.5726113	1
0.33893275	-0.057629235	-0.20075789	-0.09328496	0.17270538	-0.28502	0.5212775	1
0.51052076	-0.07477353	-0.12679808	0.08480301	0.34585425	-0.26740783	0.5788245	1
0.62232554	-0.08117325	0.0041849334	0.2794224	0.5080214	-0.15580648	0.6573764	1
0.5749733	-0.098587014	0.115639925	0.40439364	0.6435567	0.026858997	0.664708	1
0.29424566	-0.15101628	0.10918252	0.4056498	0.7298851	0.2099051	0.540823	1
-0.23629366	-0.2723609	-0.09328724	0.25879022	0.71704245	0.2929137	0.26771662	1
-0.9493282	-0.4940605	-0.50512105	-0.035979018	0.54837257	0.19328155	-0.14097354	2
-1.7017531	-0.8205101	-1.0552398	-0.45072442	0.20492126	-0.10591095	-0.6514233	2
-2.3219252	-1.2070829	-1.6028115	-0.9183531	-0.269541	-0.532514	-1.206935	0
-2.6719182	-1.5523267	-1.9766701	-1.3241438	-0.7805921	-0.935952	-1.7152619	0
-2.6895378	-1.7126645	-2.024228	-1.5175682	-1.2114834	-1.1304412	-2.0481553	0
-2.389829	-1.5452641	-1.6591073	-1.3565185	-1.4429661	-0.96263	-2.0727847	0
-1.8346499	-0.97493523	-0.8997481	-0.7780725	-1.3695016	-0.3859818	-1.7110535	0
-1.1003225	-0.060947206	0.11277779	0.13502271	-0.93576974	0.48875394	-0.99720794	2
-0.26934457	0.9792541	1.1354866	1.139731	-0.19450955	1.4033283	-0.095856085	1
0.5565869	1.828612	1.8953725	1.9058753	0.6587496	2.041502	0.7428618	3
1.2528579	2.2094598	2.1993146	2.1646726	1.3337318	2.1739242	1.2830876	3
1.704344	2.037978	2.0321538	1.8583776	1.5866877	1.7847582	1.4150902	3
1.8629267	1.4916885	1.577323	1.1905556	1.3783724	1.0939623	1.2156646	3
1.782823	0.9224519	1.1273657	0.52336836	0.92515385	0.44150847	0.90824586	3
1.5928675	0.64936537	0.9227549	0.170278	0.57475936	0.093368225	0.72972256	1
1.4157922	0.76311654	1.0153946	0.21584031	0.5718029	0.09388627	0.78030026	1
1.2940261	1.0800433	1.2475688	0.4854527	0.88240415	0.26561928	0.960884	3
1.179601	1.2812288	1.3638349	0.683728	1.219748	0.3546142	1.0513461	3
0.99076146	1.1353087	1.1819627	0.5992973	1.2595694	0.21406274	0.8787686	3
0.68162453	0.64412105	0.7068045	0.23229067	0.8804062	-0.10448769	0.4502342	1
0.26779225	0.016227406	0.11238488	-0.23213857	0.24334912	-0.40835539	-0.051146876	1
-0.19911376	-0.49276456	-0.38566002	-0.5652196	-0.34010714	-0.5144612	-0.39999825	2
-0.6657719	-0.7431711	-0.6671824	-0.64025366	-0.632759	-0.3787258	-0.48384425	2
-1.0814142	-0.766329	-0.75696397	-0.49026787	-0.6090751	-0.11927079	-0.36278373	2
-1.3812025	-0.6990732	-0.7677319	-0.26257446	-0.4186667	0.06677558	-0.20333377	2
-1.4913152	-0.6721458	-0.8012509	-0.121807046	-0.24174818	0.024844566	-0.1559916	2
-1.3744149	-0.7374411	-0.88925195	-0.16552083	-0.17484176	-0.27326718	-0.27311817	2
-1.0787696	-0.86429125	-1.0028172	-0.38680696	-0.22384821	-0.7199699	-0.5081643	2
-0.73326874	-0.9787169	-1.095862	-0.6861038	-0.36373731	-1.1283547	-0.76569504	2
-0.4737891	-1.0073491	-1.1343366	-0.92052686	-0.57245696	-1.3219936	-0.95062464	2
-0.35318333	-0.9094842	-1.0973352	-0.9737488	-0.80412	-1.2193216	-0.99539053	2
-0.30976042	-0.6971245	-0.971276	-0.8186067	-0.95685947	-0.8750867	-0.87521386	2
-0.22300145	-0.43720394	-0.7571134	-0.53620297	-0.9067211	-0.45386034	-0.61941004	2
-0.012726711	-0.22438139	-0.4848223	-0.27163377	-0.60240364	-0.14360894	-0.3075384	2
0.29508582	-0.1308117	-0.21545124	-0.1496268	-0.1357589	-0.05843851	-0.039505985	1
0.5805309	-0.16713852	-0.02270951	-0.20794469	0.2879675	-0.19196968	0.10689772	1
0.7030438	-0.28717443	0.036341324	-0.39243296	0.46712315	-0.44422	0.10206792	1
0.58305466	-0.42769983	-0.05114622	-0.6026672	0.3197977	-0.6857119	-0.037092876	1
0.2494714	-0.5379957	-0.23463297	-0.73786294	-0.07967911	-0.8026167	-0.25742084	2
-0.15999284	-0.5687077	-0.39767316	-0.7108237	-0.5510802	-0.7057412	-0.46666616	2
-0.4412355	-0.44469196	-0.38723633	-0.448067	-0.8940599	-0.3355644	-0.528751	2
-0.4004819	-0.07763414	-0.08183483	0.08578191	-0.9573688	0.3044937	-0.29516277	2
0.053164914	0.56144726	0.5257337	0.8366428	-0.6765966	1.1033037	0.31101054	1
0.8385835	1.3617477	1.2852323	1.62955	-0.091501415	1.8410879	1.2017946	3
1.7051344	2.069245	1.9321922	2.2087767	0.65275764	2.2663763	2.1036263	3
2.327731	2.3963993	2.2110806	2.3494194	1.3348266	2.2186482	2.6584294	3
2.458442	2.1862915	2.0100567	1.9782163	1.7293236	1.7166716	2.6070004	3
2.0521412	1.5159025	1.4211875	1.2243189	1.7048117	0.9500145	1.9421958	3
1.2883469	0.6587215	0.68559325	0.36240536	1.2974476	0.17878403	0.9264112	1
0.47120473	-0.07223839	0.058421	-0.3223475	0.70717627	-0.39324018	-0.045427952	1
-0.13435982	-0.49580622	-0.32217038	-0.67146295	0.20202336	-0.6980842	-0.65424216	2
-0.4327524	-0.6395197	-0.48667723	-0.71689427	-0.025514785	-0.80134	-0.8105025	2
-0.52067095	-0.6844226	-0.58573484	-0.6387093	0.031797178	-0.83553237	-0.6691882	2
-0.59892106	-0.8260691	-0.7798014	-0.6432224	0.19028461	-0.9143822	-0.51140046	2
-0.8346249	-1.141567	-1.1331533	-0.83018005	0.1867361	-1.0686783	-0.571129	2
-1.2556199	-1.5353428	-1.5664015	-1.1225507	-0.15066527	-1.2252711	-0.9032703	0
-1.7297715	-1.7862318	-1.8872852	-1.3007431	-0.7715001	-1.2364855	-1.3560516	0
-2.0317993	-1.668292	-1.8840078	-1.1295502	-1.3982571	-0.9565538	-1.6557446	0
-1.9600662	-1.0854269	-1.4400958	-0.5131905	-1.6658124	-0.34097648	-1.5593479	0
-1.447981	-0.1515033	-0.61787677	0.41146952	-1.3366005	0.48305666	-0.99862057	2
-0.61690664	0.83332074	0.3368691	1.3100866	-0.46678957	1.2343073	-0.13880488	1
0.2619491	1.5126698	1.0873929	1.8116696	0.58717376	1.6026942	0.6872532	3
0.889006	1.6524234	1.363541	1.7116821	1.3452964	1.4259851	1.1445522	3
1.0844865	1.2688951	1.1049832	1.0953283	1.4721377	0.80613863	1.075277	3
0.87924755	0.6241064	0.5039476	0.2984411	0.97447026	0.075394474	0.58893245	1
0.48797756	0.08165628	-0.08757073	-0.27649474	0.19889623	-0.3806449	0.0054732873	1
0.17529655	-0.09408294	-0.3401776	-0.37916505	-0.37642953	-0.33611268	-0.3211952	2
0.097624846	0.124828644	-0.11766386	-0.03601955	-0.42751917	0.15625125	-0.20013547	1
0.22199444	0.53434366	0.45796907	0.48444906	0.030839503	0.8052476	0.29154345	1
0.36891612	0.8320049	1.0784763	0.8329443	0.6711808	1.2461878	0.8546203	3
0.3400481	0.79213536	1.4150021	0.7678942	1.0628413	1.233108	1.137419	3
0.04083279	0.38276058	1.2896259	0.27215356	0.92791057	0.76122093	0.9332416	1
-0.4713296	-0.22724578	0.7679296	-0.44814888	0.29279798	0.06762437	0.29733503	1
-1.0205035	-0.7564951	0.12767874	-1.0662664	-0.5373084	-0.48655322	-0.47738472	2
-1.3893019	-0.94192344	-0.2844852	-1.285663	-1.1471431	-0.60202587	-1.0101541	2
-1.4009811	-0.65751594	-0.24139574	-0.97741836	-1.2223811	-0.20988424	-1.0286897	2
-0.98760885	0.019770365	0.23040159	-0.24942522	-0.69959223	0.47046173	-0.5115891	2
-0.23091584	0.82528865	0.85400134	0.5890422	0.2066728	1.034603	0.29668894	1
0.64654595	1.4120883	1.2545122	1.1651963	1.1058896	1.1170894	1.0087656	3
1.3564	1.5139877	1.1769537	1.2254916	1.6155655	0.6077989	1.2931501	3
1.6654557	1.0861	0.63434255	0.765788	1.540488	-0.27852884	1.0411977	3
1.5006707	0.33368394	-0.110475495	0.027894096	0.95547146	-1.1287471	0.40782753	1
0.9730741	-0.40085298	-0.7149454	-0.64000636	0.14679857	-1.5711937	-0.29440987	2
0.30563974	-0.8275184	-0.9614157	-0.971636	-0.55039287	-1.473077	-0.7769739	2
-0.28443283	-0.85336447	-0.86107224	-0.9019985	-0.91846573	-0.97842526	-0.91732854	2
-0.67287874	-0.5942296	-0.6009513	-0.5554273	-0.93235874	-0.384402	-0.78143764	2
-0.8418865	-0.26306266	-0.39001566	-0.13426188	-0.71799505	0.045207713	-0.53350437	2
-0.8352725	-0.026650125	-0.32215452	0.20160359	-0.4452255	0.20859264	-0.31147093	2
-0.7045808	0.0706407	-0.3465612	0.3897008	-0.23280545	0.17265056	-0.15526834	1
-0.4848912	0.08124677	-0.34816712	0.44406328	-0.112321906	0.0801143	-0.022852562	1
-0.20367283	0.069659375	-0.26171872	0.40240774	-0.049296852	0.0366615	0.13802215	1
0.100896135	0.044574846	-0.12934105	0.290911	0.008988983	0.05305184	0.32659626	1
0.37584692	-0.044098645	-0.06620516	0.12140469	0.09048449	0.063022114	0.47888592	1
0.5676459	-0.2538143	-0.172274	-0.09757305	0.17887305	-0.017412968	0.5076919	1
0.6409194	-0.59297943	-0.4611902	-0.35607207	0.22251298	-0.23681779	0.3566744	1
0.5870436	-1.0024222	-0.8521618	-0.64325815	0.16508214	-0.5835773	0.03320678	2
0.42062175	-1.3807659	-1.2183733	-0.939846	-0.019127175	-0.985485	-0.3923198	2
0.17276098	-1.6285549	-1.4502728	-1.2015959	-0.3065178	-1.3264337	-0.8125865	2
-0.1109504	-1.6820211	-1.493604	-1.3530744	-0.63365746	-1.4808286	-1.1201305	0
-0.37004215	-1.5246897	-1.3492169	-1.3117517	-0.9264484	-1.3629802	-1.2422819	0
-0.5369765	-1.183154	-1.0503697	-1.0385612	-1.1276066	-0.97321105	-1.1643196	2
-0.55991167	-0.71708846	-0.6431015	-0.5817898	-1.2072982	-0.4125222	-0.93205124	2
-0.43026692	-0.2041288	-0.18078311	-0.07262928	-1.158412	0.15364602	-0.62793595	2
-0.18986014	0.28658822	0.27960125	0.3434504	-0.98614806	0.5762526	-0.3241534	1
0.099741675	0.72823393	0.69728434	0.60507715	-0.69671214	0.80940837	-0.032576747	1
0.40912816	1.1525409	1.077179	0.78952855	-0.2862749	0.944217	0.3139628	1
0.7665402	1.6190687	1.4727329	1.0634265	0.26108456	1.1478996	0.82064307	3
1.2186449	2.1391032	1.9320307	1.5426139	0.95236516	1.527748	1.5370983	3
1.7424129	2.6044397	2.4090333	2.1561213	1.7430992	2.0082037	2.3657386	3
2.1797276	2.7901285	2.715314	2.6260953	2.502568	2.3223622	3.0448256	3
2.2690904	2.4585106	2.5810804	2.6011322	3.02411	2.1487179	3.2427537	3
1.7840453	1.5135225	1.8157789	1.868306	3.0922835	1.3168144	2.7268105	3
0.699968	0.10364762	0.46831015	0.50823975	2.5810776	-0.052546386	1.5120541	1
-0.7295679	-1.4044738	-1.1338079	-1.106759	1.5358309	-1.5683908	-0.10282191	2
-2.0584648	-2.5766544	-2.512154	-2.4715598	0.19324093	-2.743601	-1.6443933	0
-2.8597262	-3.1010084	-3.262592	-3.1732514	-1.0853945	-3.220274	-2.6667476	0
-2.9368358	-2.9116724	-3.2416108	-3.0631654	-1.9536157	-2.921437	-2.9413288	0
-2.4048853	-2.187594	-2.606467	-2.295064	-2.230522	-2.0552404	-2.535623	0
-1.5973568	-1.2415768	-1.6986171	-1.2218628	-1.9776994	-0.9827064	-1.7448161	0
-0.8658966	-0.3673525	-0.85176766	-0.21196519	-1.4483366	-0.02913466	-0.9208569	2
-0.39922568	0.27840444	-0.23665044	0.5174296	-0.9310755	0.65797716	-0.29559654	1
-0.16145192	0.7076325	0.18020123	0.9630659	-0.5819816	1.1304957	0.106664345	1
0.031346634	1.0372505	0.554865	1.2648987	-0.35183787	1.5350864	0.4238925	1
0.35766298	1.3696046	1.0189826	1.5539273	-0.059310004	1.9549046	0.81202775	3
0.8580244	1.6926107	1.5609246	1.8268279	0.43631372	2.3103266	1.2975067	3
1.4009392	1.871477	2.0140774	1.9390742	1.085484	2.395853	1.7289597	3
1.7618189	1.7455732	2.163087	1.720891	1.6392444	2.031723	1.8665777	3
1.7586709	1.2634923	1.8951159	1.1267449	1.799474	1.2198595	1.5490263	3
1.3549378	0.5531595	1.2879812	0.30579868	1.4239516	0.18941599	0.8179039	3
0.6692474	-0.1292338	0.5753043	-0.45530662	0.635835	-0.69854426	-0.08890531	1
-0.097313486	-0.5334804	0.023022871	-0.8730717	-0.23959567	-1.118845	-0.8637725	2
-0.7515459	-0.5350655	-0.189887	-0.7999926	-0.8586073	-0.92011005	-1.2800349	2
-1.1575863	-0.16641262	-0.017632654	-0.28117672	-1.032005	-0.17261891	-1.2700963	2
-1.2405324	0.4363473	0.47509438	0.4775422	-0.7826396	0.8704111	-0.90630716	1
-0.9822218	1.1095034	1.1540701	1.200567	-0.27863833	1.8638589	-0.3323376	1
-0.43644485	1.7070287	1.8416241	1.651594	0.28419968	2.4844787	0.29582432	3
0.25586447	2.1114018	2.3415484	1.7225633	0.7679524	2.5429857	0.84161764	3
0.8941872	2.239543	2.4899037	1.4674352	1.1152899	2.0565915	1.2101585	3
1.2968061	2.0595317	2.2213154	1.0577202	1.3296977	1.2360344	1.3691747	3
1.3799236	1.6012679	1.6002738	0.67249405	1.4399515	0.37378165	1.3474724	3
1.1744806	0.9404877	0.78108305	0.38444144	1.4577827	-0.31228215	1.193645	1
0.77218175	0.16622002	-0.07774125	0.12321184	1.3416251	-0.77871644	0.92205155	1
0.258427	-0.63583857	-0.8757516	-0.24662675	1.0024618	-1.1276591	0.5032594	2
-0.3044301	-1.3714044	-1.5662954	-0.78420794	0.37763485	-1.4724196	-0.07703803	2
-0.84017134	-1.9246821	-2.1091259	-1.3795164	-0.46539143	-1.807034	-0.7390367	0
-1.224912	-2.180852	-2.4395545	-1.7921982	-1.2899215	-1.9881326	-1.2926096	0
-1.3115185	-2.082688	-2.4870336	-1.8020554	-1.7815065	-1.8446767	-1.5199857	0
-1.0098001	-1.6775385	-2.223283	-1.3613052	-1.728983	-1.3264383	-1.3068942	0
-0.36530328	-1.1119188	-1.6972631	-0.6395058	-1.1670898	-0.5753693	-0.7270689	2
0.4246804	-0.57372427	-1.03418	0.06285009	-0.37220895	0.12944596	-0.019916577	2
1.0767525	-0.22056207	-0.4048495	0.46517184	0.2869916	0.509407	0.52166057	1
1.3370544	-0.13248914	0.020412827	0.42859623	0.53898156	0.41875637	0.6830138	1
1.0893487	-0.29992628	0.12577061	-0.0044399044	0.3193957	-0.094303906	0.41100565	1
0.40377158	-0.6369997	-0.0998353	-0.6490337	-0.24586967	-0.8142813	-0.180238	2
-0.49614218	-1.0110992	-0.54332846	-1.2608567	-0.9429065	-1.451748	-0.87021494	2
-1.3305326	-1.2860447	-1.0065156	-1.6290065	-1.5755999	-1.7645506	-1.4266528	0
-1.8744221	-1.3716552	-1.2980026	-1.6522875	-2.0164363	-1.6605613	-1.6944909	0
-2.0281894	-1.259597	-1.327987	-1.3744167	-2.1987593	-1.2366513	-1.6438149	0
-1.8199314	-1.0216657	-1.1424879	-0.9571766	-2.0892053	-0.7276469	-1.3573229	0
-1.3536129	-0.76390517	-0.8712984	-0.5922736	-1.6807169	-0.38045478	-0.966334	2
-0.74374837	-0.56056803	-0.6275458	-0.39205873	-1.0125322	-0.31598717	-0.573088	2
-0.075350925	-0.41196233	-0.43491474	-0.3268543	-0.18812467	-0.46134079	-0.20612408	2
